{
    "PSNR_cond": 38.857677179304034,
    "SSIM_cond": 0.9960036899217151,
    "LPIPS_cond": 0.004499947004660498,
    "PSNR_novel": 24.30375398152254,
    "SSIM_novel": 0.9243819756345317,
    "LPIPS_novel": 0.07595222002291384
}