{
    "PSNR_cond": 39.34619295345226,
    "SSIM_cond": 0.9957036281555471,
    "LPIPS_cond": 0.0055616991083067184,
    "PSNR_novel": 25.422141038311835,
    "SSIM_novel": 0.9342900023975812,
    "LPIPS_novel": 0.07484350221202514
}