{
    "PSNR_cond": 38.80534550683065,
    "SSIM_cond": 0.9959274261173877,
    "LPIPS_cond": 0.004993681868613335,
    "PSNR_novel": 23.999049790880893,
    "SSIM_novel": 0.9228424133214755,
    "LPIPS_novel": 0.07703280834004339
}